<?xml version="1.0" encoding="UTF-8"?>
<!DOCTYPE mapper
  PUBLIC "-//mybatis.org//DTD Mapper 3.0//EN"
    "http://mybatis.org/dtd/mybatis-3-mapper.dtd">

<mapper namespace="product">

<!-- 
	create table simba_maje(URL VARCHAR(150),IMG_URL VARCHAR(1000), PRICE VARCHAR(8), SIZES VARCHAR(20), COLOR VARCHAR(20), ISSELL VARCHAR(1), TITLE VARCHAR(30), TIME VARCHAR(14)); 
-->
	<resultMap id="result" type="ProductVO">
		<result property="url" column="url" />
		<result property="img_url" column="img_url" />
		<result property="price" column="price" />
		<result property="sizes" column="sizes" />
		<result property="color" column="color" />
		<result property="isSell" column="isSell" />
		<result property="title" column="title" />
		<result property="time" column="time" />
		
	</resultMap>

	<select id="selectAll" resultMap="result">
		SELECT * FROM SIMBA_MAJE
	</select>

	<select id="selectById" parameterType="int" resultMap="result">
		SELECT * FROM SIMBA_MAJE WHERE id = #{id}
	</select>

	<insert id="insert" parameterType="ProductVO">
		INSERT INTO SIMBA_MAJE (url, img_url, price, sizes, color, isSell, title, time) VALUES (#{url}, #{img_url}, #{price}, #{sizes}, #{color}, #{isSell}, #{title}, #{time})
	</insert>

	<update id="update" parameterType="ProductVO">
		UPDATE SIMBA_MAJE
		SET name = #{name}
		WHERE id = #{id}
	</update>

	<delete id="delete" parameterType="int">
		DELETE from SIMBA_MAJE WHERE id = #{id}
	</delete>
	
	<delete id="deleteAll" >
		DELETE from SIMBA_MAJE
	</delete>
</mapper>